id,text,label
example_001,AI companies keep saying they're 'agentic' but most workflows still fail the moment the user asks for anything slightly ambiguous.,high_quality_take
example_002,The biggest moat in AI isn't the model. It's the data pipeline and the feedback loop that makes the product actually useful.,high_quality_take
example_003,"Most people benchmark models like they're buying a car. In practice, the real question is how often the output is good enough to trust.",medium_quality_take
example_004,"If your AI product only works on clean prompts, it isn't a product yet. It's a demo with a good onboarding screen.",high_quality_take
example_005,The most underrated skill in tech right now is knowing when to stop using AI and start thinking for yourself.,medium_quality_take
example_006,Every startup says it is 'AI-native.' The ones that survive are the ones that still understand distribution.,medium_quality_take
example_007,"If you can make one small workflow 10% better for 10,000 people, that's more valuable than inventing a flashy new model.",high_quality_take
example_008,"If you're paying for 12 AI subscriptions, you probably don't need more tools. You need one process that actually works.",low_quality_take
example_009,The best AI copilots are not the ones that sound smart. They're the ones that reduce the number of stupid steps in your day.,medium_quality_take
example_010,"Every company is suddenly a 'platform,' but most of them still can't keep a basic API stable for a week.",medium_quality_take
example_011,"A lot of people are obsessed with model size. I care more about latency, cost, and whether the system can recover from mistakes.",high_quality_take
example_012,The future of software is not fewer developers. It's developers using better tools to solve harder problems faster.,medium_quality_take
example_013,You don't need another AI trend report. You need one example of a workflow that saved a team real time this month.,high_quality_take
example_014,AI is not magic. It's just expensive pattern matching with a great UI.,low_quality_take
example_015,"The real bottleneck in most companies is not creativity. It's documentation, handoffs, and people not reading the same spec.",high_quality_take
example_016,"If your startup pitch is just 'we use AI for everything,' you probably don't have a product strategy yet.",medium_quality_take
example_017,"Open-source models are getting good fast, which means the market is shifting from 'who has the best model' to 'who has the best workflow.'",high_quality_take
example_018,"Most AI demos are proof that a model can do one thing once. Real products are about repeatability, safety, and trust.",high_quality_take
example_019,I still think the most important AI skill is being clear about what you want and what you don't want.,medium_quality_take
example_020,"People act like AI is replacing thinking. In reality, it's making bad thinking way faster.",medium_quality_take
example_021,You can make a lot of money with AI if you stop trying to build the next ChatGPT and start solving one boring problem well.,medium_quality_take
example_022,The strongest companies in AI will be the ones that can ship fast without turning their product into a support nightmare.,high_quality_take
example_023,The hard part of AI is not writing the prompt. It's managing the edge cases that your users will hit first.,high_quality_take
example_024,"If you don't understand your cost per successful task, you don't understand your product.",high_quality_take
example_025,"This whole 'AI will replace all jobs' conversation misses the fact that most jobs are workflows, not individual tasks.",medium_quality_take
example_026,The most valuable AI apps are the ones that make a boring process feel like magic without needing a tutorial.,medium_quality_take
example_027,"The future of coding is not 'AI writes everything.' It's 'humans review, refine, and own the outcome.'",medium_quality_take
example_028,"If your AI product can't explain its own mistakes, it is not ready for serious users.",high_quality_take
example_029,Most people think AI is about intelligence. It's actually about reducing friction between intent and execution.,high_quality_take
example_030,AI is so hyped that now even simple automation gets called revolutionary.,low_quality_take
example_031,The best prompt is usually the one that tells the model what not to do.,medium_quality_take
example_032,I don't want AI to think like a human. I want it to be reliable enough that I can trust it with actual work.,high_quality_take
example_033,"The model is only half the story. The real advantage is in evaluation, monitoring, and iteration.",high_quality_take
example_034,"If your workflow needs 17 manual checks, AI is not the solution yet. It's just another layer of complexity.",medium_quality_take
example_035,Everybody wants to build the next AI unicorn. Almost nobody wants to build reliable infrastructure people will use every day.,medium_quality_take
example_036,"Some of the best products in AI are just better search, better summaries, and better defaults.",low_quality_take
example_037,The reason people distrust AI is not that it makes mistakes. It's that the mistakes often look confident.,high_quality_take
example_038,I am not impressed by AI that can write a paragraph. I am impressed by AI that helps a team ship faster without creating chaos.,high_quality_take
example_039,The next wave of AI tools will be judged less by novelty and more by how much admin work they remove.,medium_quality_take
example_040,Anyone can build a chatbot. Very few people can build a product that workers actually want to use.,medium_quality_take
example_041,The companies that win with AI will be the ones that are boringly consistent about quality control.,high_quality_take
example_042,I used AI for one week and realized the biggest gain wasn't speed. It was reducing my need to context-switch.,medium_quality_take
example_043,Some people treat AI like a magic trick. The smart ones treat it like a tool that still needs supervision.,high_quality_take
example_044,The easiest way to make AI look impressive is to hide the hard parts of the workflow behind a polished demo.,low_quality_take
example_045,AI isn't replacing the internet. It's making the internet easier to use badly.,low_quality_take
example_046,The difference between a good AI product and a bad one is usually whether it saves time after the first five minutes.,medium_quality_take
example_047,A lot of founders think AI means less need for product thinking. It usually means more need for product thinking.,high_quality_take
example_048,"If you're still measuring AI success by raw output volume, you're probably optimizing the wrong thing.",high_quality_take
example_049,The best AI use cases are the ones people were already doing manually and resenting.,medium_quality_take
example_050,Most 'AI will replace everything' takes are just nostalgia for a world where humans were the bottleneck.,low_quality_take
example_051,"The hard truth is that many AI products are really just wrappers around search, templates, and clever formatting.",medium_quality_take
example_052,The real innovation in AI is not another benchmark. It's making the system usable in messy real-world conditions.,high_quality_take
example_053,AI hype is the biggest distraction tech has ever pulled.Every demo looks like magic.Every real use case looks like a slightly better autocomplete.Nobody's calling it out because the stock price depends on the magic trick working.,medium_quality_take
example_054,"Claude Fable 5 and GPT -5.6 may be dead…But there is a tool that generates UIs with a design system that's copyable as prompts.Everything is a prompt: font pairings, color system, spacing, icon sets, buttons and even webgl & threejs with full code samples.This made explorations with Gemini 3.1 Pro so precise and fun.",medium_quality_take
example_055,Claude Fable 5 is insane.i know literally NOTHING about coding. ZERO. and i just built 3 fully functioning web apps in 10 minutes.http: //localhost:3000/http: //localhost:5000/http: //localhost:8000/check it out.,low_quality_take
example_056,"Bro I have so much respect for the developers who built the early internet.No frameworks. No stack overflow. No AI autocomplete. Just documentation, patience, and raw problem solving. They built the infrastructure that runs the entire modern world.The companies that profited most from that infrastructure scraped everything those developers ever wrote, fed it to a model, and are now using it to argue they don't need to hire developers anymore.The people who built the house are being told the house no longer needs builders.",high_quality_take
example_057,AI companies keep saying they're 'agentic' but most workflows still fail the moment the user asks for anything slightly ambiguous.,high_quality_take
example_058,The biggest moat in AI isn't the model. It's the data pipeline and the feedback loop that makes the product actually useful.,high_quality_take
example_059,"Most people benchmark models like they're buying a car. In practice, the real question is how often the output is good enough to trust.",medium_quality_take
example_060,"If your AI product only works on clean prompts, it isn't a product yet. It's a demo with a good onboarding screen.",high_quality_take
example_061,"A 29-year-old sales consultant from China quit his job thanks to AI: now he earns in just two weeks what his boss makes in an entire year.$306,000 in profit in the last month.He replaced an entire team of quantitative analysts with Claude and a swarm of AI agents, and built his own ETH price simulation engine.Each of the 6 agents validates its own trading decisions and, thanks to its precision, is generating at least $15,000 a day.The coverage and analysis speed of his agent system far surpasses that of any top-tier trading team.They collect data 24/7 and run simulations with that data in the MiroFish engine, completely autonomously.They memorize every pattern, every market reaction, and every trading signal. This marks a new milestone in algorithmic trading.Every trade is a perfect cycle. Every dollar earned is pure exploitation of market inefficiencies.It doesn't predict the future: the math already knows it. It simply interprets the numbers correctly and takes the money.Save this post if you really want to learn how to build something like it.You only need Claude + Device + 1 hour/day.",low_quality_take
example_062,"I made $14,200 last month using Claude, a laptop, and 60 mins a day.No clients chasing. No team. No burnout.I documented every step in one guide. Was $129.Today → 100% FREE for 48 hours.Like + comment ‘Stack’ and I’ll DM the full playbook.Must follow me to get the DM.⚠️ Deleting this post in 48 hrs.",low_quality_take
example_063,"NVIDIA CEO, Jensen Huang:  'Nobody writes prompts anymore. The new job is to write and handle loops'.This is the shift that's going to define the rest of 2026.53 minutes of pure insight from one of the richest men on earth.Watch it, then read the full guide on how to actually use loops below.",high_quality_take
example_064,"Many people think any given ML project is 99% training.In reality, its 50% evaluation,40% data cleaning,8% integration, and 2% training.The first two set the noise floor for learning. No ML magic matters; the model cannot lower the noise floor, as that’s the optimal bound of Shannon encoding of your data.Thus, not a single day goes by without me thinking about ontology. Even the old labels have to be constantly reviewed.",high_quality_take
example_065,Raise your model the way you raise your kid.,high_quality_take
example_066,"Intelligence is to discover the true boundary of Shannon encoding, given the precondition of P(x), where P(x) is set by the initial prompt.A right prompt sets the condition of seamlessly boundless possibilities that distill chaos to order.Thus, a good model would first reframe the prompt to a proper question to unlock the effectiveness of its trajectories.",high_quality_take
example_067,"Elon Musk: 'We're in the final stages of completion of Optimus 3, which is really going to be by far the most advanced robot in the world, nothing's even close'. In fact, I havent even sent any demos of robots that are as good as Optimus 3, frankly.",medium_quality_take
example_068,"I built Polsia into a $250M company in under 3 months.Solo + AI. Zero employees.Everyone asks me how I did it.Introducing aisloP, a docu-series on how I build Polsia>Episode 1: The Launch.How I orchestrated the biggest Twitter launch of 2026.",medium_quality_take
example_069,5 million humanoid robots working 24/7 can build Manhattan in ~6 months. now just imagine what the world looks like when we have 10 billion of them by 2045. now imagine the year 2100.,medium_quality_take
example_070,"My friend applied to 200 tech jobs in two years. No CS degree. No callbacks.Last month Anthropic offered him $750,000.All because of one Stanford lecture. Free on YouTube. One hour.A professor explains how ChatGPT actually works. Not the Twitter version. The real one.",medium_quality_take
example_071,"I'm convinced.Digital assets are the most profitable way to make $10,00/monthAll you need is Claude, internet connection and 1 hour a day.Ususally, I charge $199 for this, but for the next 48 hours, it's FREE.Comment “Claude” and I’ll send you a training breaking the entire system down for free.",low_quality_take
example_072,"Claude can be very profitable if you know how to use it.Here's a complete FREE guide in Spanish with prompts, skills, and monetization.",low_quality_take
example_073,The most underrated skill in tech right now is knowing when to stop using AI and start thinking for yourself.,medium_quality_take
example_074,Every startup says it is 'AI-native.' The ones that survive are the ones that still understand distribution.,medium_quality_take
example_075,"If you can make one small workflow 10% better for 10,000 people, that's more valuable than inventing a flashy new model.",high_quality_take
example_076,"If you're paying for 12 AI subscriptions, you probably don't need more tools. You need one process that actually works.",low_quality_take
example_077,The best AI copilots are not the ones that sound smart. They're the ones that reduce the number of stupid steps in your day.,medium_quality_take
example_078,"Every company is suddenly a 'platform,' but most of them still can't keep a basic API stable for a week.",medium_quality_take
example_079,"A lot of people are obsessed with model size. I care more about latency, cost, and whether the system can recover from mistakes.",high_quality_take
example_080,The future of software is not fewer developers. It's developers using better tools to solve harder problems faster.,medium_quality_take
example_081,You don't need another AI trend report. You need one example of a workflow that saved a team real time this month.,high_quality_take
example_082,AI is not magic. It's just expensive pattern matching with a great UI.,low_quality_take
example_083,"The real bottleneck in most companies is not creativity. It's documentation, handoffs, and people not reading the same spec.",high_quality_take
example_084,"If your startup pitch is just 'we use AI for everything,' you probably don't have a product strategy yet.",medium_quality_take
example_085,"Open-source models are getting good fast, which means the market is shifting from 'who has the best model' to 'who has the best workflow.'",high_quality_take
example_086,"Most AI demos are proof that a model can do one thing once. Real products are about repeatability, safety, and trust.",high_quality_take
example_087,I still think the most important AI skill is being clear about what you want and what you don't want.,medium_quality_take
example_088,"People act like AI is replacing thinking. In reality, it's making bad thinking way faster.",medium_quality_take
example_089,You can make a lot of money with AI if you stop trying to build the next ChatGPT and start solving one boring problem well.,medium_quality_take
example_090,The strongest companies in AI will be the ones that can ship fast without turning their product into a support nightmare.,high_quality_take
example_091,The hard part of AI is not writing the prompt. It's managing the edge cases that your users will hit first.,high_quality_take
example_092,"9 YEAR OLD BUILT AN AI RADAR AND SOLD IT FOR $550KA student used Claude and $20 to build a real-time AI radar in one month. It detects speeding, records video, reads license plates, and automatically sends fines.",high_quality_take
example_093,I'm quitting my job to go full-in on Claude.Just Asked it to:Analyze mispriced Polymarket markets for arbitrage opportunities and find wallets using it to copy.Turned $2K into $12K overnight.Monitored 1000+ wallets.,medium_quality_take
example_094,NVIDIA CEO JENSEN HUANG: THE AI APOCALYPSE NARRATIVE IS COMPLETE NONSENSE it's computer and software. we make it better every year because we know exactly how it worksthe real disruption is developers deploying local setups to out-produce entire teams:,high_quality_take
example_095,Claude just changed the game.All you need is: A laptop Internet connection 60 minutes a day That’s enough to build a $7200/month online income stream using AI.,low_quality_take
example_096,"Netflix spends $200,000 to animate one 22-minute episode a 20-year-old spent $124 last month and made $12,345> Claude scripts the episode: 15 min> Midjourney renders the frames: 40 min> Runway animates the cuts: 50 min> ElevenLabs voices the cast: 20 min> Suno composes the score: 12 min> Make ships it overnight: 0 min",medium_quality_take
example_097,"Anthropic is going big on biology. In April they paid $400M for a biotech team. Now they hired the Nobel prize winner who built AlphaFold.In 2024, @DarioAmodeiwrote that AI could compress 100 years of biological progress into 10. He definitely meant it.",high_quality_take
example_098,"An asian guy has discovered a method to learn anything ten times faster using AI!It just involves the Claude + Obsidian.Most people learn the slow way: read, forget, re-read, forget again.",low_quality_take
example_099,"Genuinely impressed, almost shocked, at how good GLM-5.2 by @zai_orgis at coding. This changes things.",high_quality_take
example_100,"Andrej Karpathy: 'Suddenly everyone is a programmer, because everyone speaks English'. It used to take 5 to 10 years of study to do anything in software. That's just not the case anymore",medium_quality_take
example_101,"While everyone's fighting for views on TikTok and YouTube..A quiet group is making $8,400/month turning text into audiobooks WITHOUT using their own voice.",low_quality_take
example_102,"This trader used Claude to build a Quant Bot and made +$115,615 on PolymarketSince Apr 2, this wallet has been bringing in about $1,501 per day and running at a little over 22 trades per hour41,972 predictions with a 39% win rate in 80 days",medium_quality_take
example_103,The hardest part of shipping AI products is usually not the model. It's turning a probabilistic system into something users can trust when it fails.,high_quality_take
example_104,"I spent the weekend comparing Cursor, Copilot, and Claude Code on real repo tasks. The winner wasn't the one with the most features; it was the one that made small edits the least annoying.",medium_quality_take
example_105,"If you're not building with AI in 2026, you're basically asking to be replaced by someone who is.",low_quality_take
example_106,"A lot of 'AI will replace software jobs' posts ignore the fact that enterprise software is mostly coordination, approvals, and edge cases. Those are the parts that still need judgment.",high_quality_take
example_107,Local models are getting good enough that latency and privacy are starting to matter more than raw benchmark scores.,medium_quality_take
example_108,I used one prompt and made a fully automated business in a day. Anyone can do this if they just stop overthinking it.,low_quality_take
example_109,"The supply chain for modern AI is not just chips. It's power, cooling, data centers, and the people who know how to operate them at scale.",high_quality_take
example_110,"The most useful AI workflow I've seen so far isn't 'ask the model to write code.' It's 'give it the codebase, ask it to explain tradeoffs, and then verify the result yourself.'",medium_quality_take
example_111,The future is simple: every company will be an AI company and every employee will be an AI employee.,low_quality_take
example_112,"Most model evaluation is still measuring benchmark performance, not whether the system actually helps a user complete a task faster with fewer mistakes.",high_quality_take
example_113,"If you don't understand your cost per successful task, you don't understand your product.",high_quality_take
example_114,"This whole 'AI will replace all jobs' conversation misses the fact that most jobs are workflows, not individual tasks.",medium_quality_take
example_115,The most valuable AI apps are the ones that make a boring process feel like magic without needing a tutorial.,medium_quality_take
example_116,"The future of coding is not 'AI writes everything.' It's 'humans review, refine, and own the outcome.'",medium_quality_take
example_117,"If your AI product can't explain its own mistakes, it is not ready for serious users.",high_quality_take
example_118,Most people think AI is about intelligence. It's actually about reducing friction between intent and execution.,high_quality_take
example_119,AI is so hyped that now even simple automation gets called revolutionary.,low_quality_take
example_120,The best prompt is usually the one that tells the model what not to do.,medium_quality_take
example_121,I don't want AI to think like a human. I want it to be reliable enough that I can trust it with actual work.,high_quality_take
example_122,"The model is only half the story. The real advantage is in evaluation, monitoring, and iteration.",high_quality_take
example_123,"If your workflow needs 17 manual checks, AI is not the solution yet. It's just another layer of complexity.",medium_quality_take
example_124,Everybody wants to build the next AI unicorn. Almost nobody wants to build reliable infrastructure people will use every day.,medium_quality_take
example_125,"Some of the best products in AI are just better search, better summaries, and better defaults.",low_quality_take
example_126,The reason people distrust AI is not that it makes mistakes. It's that the mistakes often look confident.,high_quality_take
example_127,I am not impressed by AI that can write a paragraph. I am impressed by AI that helps a team ship faster without creating chaos.,high_quality_take
example_128,The next wave of AI tools will be judged less by novelty and more by how much admin work they remove.,medium_quality_take
example_129,Anyone can build a chatbot. Very few people can build a product that workers actually want to use.,medium_quality_take
example_130,The companies that win with AI will be the ones that are boringly consistent about quality control.,high_quality_take
example_131,I used AI for one week and realized the biggest gain wasn't speed. It was reducing my need to context-switch.,medium_quality_take
example_132,Some people treat AI like a magic trick. The smart ones treat it like a tool that still needs supervision.,high_quality_take
example_133,The easiest way to make AI look impressive is to hide the hard parts of the workflow behind a polished demo.,low_quality_take
example_134,AI isn't replacing the internet. It's making the internet easier to use badly.,low_quality_take
example_135,The difference between a good AI product and a bad one is usually whether it saves time after the first five minutes.,medium_quality_take
example_136,A lot of founders think AI means less need for product thinking. It usually means more need for product thinking.,high_quality_take
example_137,"If you're still measuring AI success by raw output volume, you're probably optimizing the wrong thing.",high_quality_take
example_138,The best AI use cases are the ones people were already doing manually and resenting.,medium_quality_take
example_139,Most 'AI will replace everything' takes are just nostalgia for a world where humans were the bottleneck.,low_quality_take
example_140,"The hard truth is that many AI products are really just wrappers around search, templates, and clever formatting.",medium_quality_take
example_141,The real innovation in AI is not another benchmark. It's making the system usable in messy real-world conditions.,high_quality_take
example_142,Tech Twitter thread #1: the best AI tools are the ones that reduce busywork without adding another layer of setup.,medium_quality_take
example_143,Tech Twitter thread #2: the best AI tools are the ones that reduce busywork without adding another layer of setup.,medium_quality_take
example_144,Tech Twitter thread #3: the best AI tools are the ones that reduce busywork without adding another layer of setup.,medium_quality_take
example_145,Tech Twitter thread #4: the best AI tools are the ones that reduce busywork without adding another layer of setup.,medium_quality_take
example_146,Tech Twitter thread #5: the best AI tools are the ones that reduce busywork without adding another layer of setup.,medium_quality_take
example_147,Tech Twitter thread #6: the best AI tools are the ones that reduce busywork without adding another layer of setup.,medium_quality_take
example_148,Tech Twitter thread #7: the best AI tools are the ones that reduce busywork without adding another layer of setup.,medium_quality_take
example_149,Tech Twitter thread #8: the best AI tools are the ones that reduce busywork without adding another layer of setup.,medium_quality_take
example_150,Tech Twitter thread #9: the best AI tools are the ones that reduce busywork without adding another layer of setup.,medium_quality_take
example_151,Tech Twitter thread #10: the best AI tools are the ones that reduce busywork without adding another layer of setup.,medium_quality_take
example_152,Tech Twitter thread #11: the best AI tools are the ones that reduce busywork without adding another layer of setup.,medium_quality_take
example_153,Tech Twitter thread #12: the best AI tools are the ones that reduce busywork without adding another layer of setup.,medium_quality_take
example_154,Tech Twitter thread #13: the best AI tools are the ones that reduce busywork without adding another layer of setup.,medium_quality_take
example_155,Tech Twitter thread #14: the best AI tools are the ones that reduce busywork without adding another layer of setup.,medium_quality_take
example_156,Tech Twitter thread #15: the best AI tools are the ones that reduce busywork without adding another layer of setup.,medium_quality_take
example_157,Tech Twitter thread #16: the best AI tools are the ones that reduce busywork without adding another layer of setup.,medium_quality_take
example_158,Tech Twitter thread #17: the best AI tools are the ones that reduce busywork without adding another layer of setup.,medium_quality_take
example_159,Tech Twitter thread #18: the best AI tools are the ones that reduce busywork without adding another layer of setup.,medium_quality_take
example_160,Tech Twitter thread #19: the best AI tools are the ones that reduce busywork without adding another layer of setup.,medium_quality_take
example_161,Tech Twitter thread #20: the best AI tools are the ones that reduce busywork without adding another layer of setup.,medium_quality_take
example_162,Tech Twitter thread #21: the best AI tools are the ones that reduce busywork without adding another layer of setup.,medium_quality_take
example_163,The most useful AI products are the ones that make boring work disappear without needing a tutorial.,high_quality_take
example_164,"I still think the real challenge in AI is not intelligence, it's making outputs reliable enough for real teams.",high_quality_take
example_165,The best startup ideas in AI are usually just better user experiences around familiar problems.,medium_quality_take
example_166,"If a company keeps calling everything AI, it probably means they haven't built anything durable yet.",low_quality_take
example_167,What people call innovation in AI often just means someone found a faster way to automate a bad process.,medium_quality_take
example_168,A product that can explain its limitations is more trustworthy than one that sounds perfect all the time.,high_quality_take
example_169,AI is going to replace all manual work and every human job in the next few years.,low_quality_take
example_170,"The difference between hype and signal is usually whether the post gives a real mechanism, not just a catchy phrase.",medium_quality_take
example_171,A lot of AI writing sounds insightful until you ask what evidence it actually gives you.,medium_quality_take
example_172,The reason people get excited about AI is that it finally makes tedious work visible enough to fix.,high_quality_take
example_173,I would rather use a mediocre tool that is dependable than a flashy one that hallucinate every day.,medium_quality_take
example_174,"Chatbots are everywhere now, but most of them still don't understand the context of a real business problem.",medium_quality_take
example_175,"If the AI product cannot be used without a huge amount of setup, it is not solving the core problem.",high_quality_take
example_176,This AI tool will save everyone time and money with zero effort required.,low_quality_take
example_177,Many AI discussions are too focused on the model and not focused enough on the user experience.,low_quality_take
example_178,"A strong AI system should be able to say when it is uncertain, not just sound confident.",high_quality_take
example_179,The word disruption is now used so often that it no longer means anything useful.,low_quality_take
example_180,The most overlooked part of AI products is how well they integrate into existing workflows.,high_quality_take
example_181,"People often think AI is about replacing thinking, but the real impact is on how quickly work gets done.",high_quality_take
example_182,"If the output quality depends on the exact wording of one perfect prompt, the product is probably too fragile.",high_quality_take
example_183,This is going to be the next big thing in AI and everyone should be paying attention right now.,low_quality_take
example_184,"The most valuable AI feature is often not generation, but structure, review, and follow-through.",high_quality_take
example_185,A lot of teams are excited about AI because they finally have a tool that can make their messy process visible.,medium_quality_take
example_186,Most AI demos are not proving the product is good; they are proving the model can perform once under ideal conditions.,high_quality_take
example_187,"If your AI system needs constant babysitting, it is not really automation yet.",high_quality_take
example_188,I think AI products will be judged less by novelty and more by whether they save time every week.,medium_quality_take
example_189,A good AI workflow is usually a boring workflow with better defaults and fewer retries.,medium_quality_take
example_190,The hottest AI startups are often the ones that understand operational detail better than everyone else.,high_quality_take
example_191,"Everyone wants a magic AI assistant, but most people still need a clear process to get results.",medium_quality_take
example_192,"If the so-called AI breakthrough cannot handle edge cases, it is not ready for serious use.",high_quality_take
example_193,The AI hype cycle is so strong that even obvious automation now gets called revolutionary.,medium_quality_take
example_194,A strong product team can do more with a modest model than a weak team can do with a perfect one.,high_quality_take
example_195,"Most people talk about AI like it is a single thing, but the reality is a stack of tools, data, and human judgment.",medium_quality_take
example_196,The fastest way to tell if an AI post is shallow is to look for claims that never explain how they were reached.,high_quality_take
example_197,This AI system is amazing because it can answer almost any question with confidence.,low_quality_take
example_198,"The main risk in AI is not that it fails once, but that it fails in a way that looks convincing.",high_quality_take
example_199,The most practical AI ideas are the ones that solve a real pain point without asking users to change everything.,medium_quality_take
example_200,The most useful AI products are the ones that make boring work disappear without needing a tutorial.,high_quality_take
